{"2":[{"userName":"\u5728\u5566\u5728\u5566","avatar":"101235565.gif","level":"2"},{"userName":"\u66fe\u7ecf\u82cd\u6d77j8I","avatar":"173662680.gif","level":"2"},{"userName":"\u5a04\u5b89_1","avatar":"192576005.gif","level":"2"},{"userName":"\u5c0f\u738b4fp","avatar":"192669073.gif","level":"2"},{"userName":"\u8bfa\u5bb8\u8d38\u6613","avatar":"193844806.gif","level":"2"},{"userName":"\u592a\u9633\u98ceWA","avatar":"194140952.gif","level":"2"},{"userName":"\u5b88\u62a4ng","avatar":"205867820.gif","level":"2"},{"userName":"\u738b\u6653\u660el","avatar":"206450957.gif","level":"2"},{"userName":"\u5922\u9192\u8494\u68fc","avatar":"206887553.gif","level":"2"},{"userName":"\u8fbe\u62c9\u5d29\u5df4","avatar":"212418430.gif","level":"2"},{"userName":"\u672c\u4efd\u4ebaF","avatar":"218381483.gif","level":"2"},{"userName":"\u4fea\u5854\u6a59","avatar":"219927406.gif","level":"2"},{"userName":"\u8db3\u4e50dy","avatar":"230118236.gif","level":"2"},{"userName":"\u5f6d\u5fb7\u826fsV","avatar":"231135083.gif","level":"2"},{"userName":"\u930b\u9d6c","avatar":"236539975.gif","level":"2"},{"userName":"\u9ec4\u4ee3\u822a","avatar":"244711760.gif","level":"2"},{"userName":"\u51f9\u51f8efD","avatar":"246345176.gif","level":"2"},{"userName":"\u4f60\u517b\u6211\u554a","avatar":"249730300.gif","level":"2"},{"userName":"\u7ea6\u7ff0\u7f57\u5bcc\u6b27\u79d1","avatar":"259122220.gif","level":"2"},{"userName":"\u5c18\u5c01d\u00e9\u7737\u604b","avatar":"262854127.gif","level":"2"},{"userName":"\u6d6e\u751fSuper","avatar":"264530344.gif","level":"2"},{"userName":"\u674e\u5e73P","avatar":"270304143.gif","level":"2"},{"userName":"\u771f\u4e0d\u5bb9\u6613\u554a","avatar":"271506527.gif","level":"2"},{"userName":"\u6cd5\u5170\u514b\u798f66","avatar":"272654361.gif","level":"2"},{"userName":"\u4e09\u4fe1\u6c99\u571f2\u5e97","avatar":"276800261.gif","level":"2"},{"userName":"\u6d41\u8d1d\u513f","avatar":"279446473.gif","level":"2"},{"userName":"\u6167\u5fc3\u5982","avatar":"280108659.gif","level":"2"},{"userName":"\u4fe1\u8317\u8bb0\u6295\u8d44\u516c\u53f8","avatar":"286276672.gif","level":"2"},{"userName":"\u6696\u4e8e\u60c5P","avatar":"295718218.gif","level":"2"},{"userName":"\u98ce\u4fe1\u5b50iU3","avatar":"304419792.gif","level":"2"},{"userName":"\u7948\u798f\u6c38\u660cF","avatar":"308161393.gif","level":"2"},{"userName":"\u70df\u706bMn","avatar":"313119885.gif","level":"2"},{"userName":"\u8001\u677f\u7096\u4e00\u53eab","avatar":"313730475.gif","level":"2"},{"userName":"\u5f20\u5341\u8086","avatar":"317448355.gif","level":"2"},{"userName":"\u5dc5\u75af\u4e86","avatar":"317756372.gif","level":"2"},{"userName":"\u65e0\u9521\u6c6aSIR","avatar":"321083907.gif","level":"2"},{"userName":"\u5f0brS","avatar":"321796536.gif","level":"2"},{"userName":"\u8be5\u6635\u79f0\u88ab\u76d7\u7528","avatar":"321796666.gif","level":"2"},{"userName":"\u6015\u9ed1\u7684\u80c6\u5c0f\u9b3c","avatar":"321796669.gif","level":"2"},{"userName":"\u7ea2\u5c18\u966a\u4f60\u6eda","avatar":"321796698.gif","level":"2"},{"userName":"\u5bb6\u8c6aBb","avatar":"321796716.gif","level":"2"},{"userName":"\u65b9\u7f18R","avatar":"321797761.gif","level":"2"},{"userName":"\u6da8\u6da8\u738b122","avatar":"322015595.gif","level":"2"},{"userName":"\u67ab\u843d\u6709\u60c5","avatar":"322030964.gif","level":"2"},{"userName":"\u62fc\u640fGM","avatar":"322031323.gif","level":"2"},{"userName":"\u8fc7\u5ba2sCA","avatar":"326370637.gif","level":"2"},{"userName":"\u5f88\u9177\u53ea\u64a9\u4f60DP","avatar":"327357289.gif","level":"2"},{"userName":"\u5065\u5eb7\u751f\u6d3bVn","avatar":"328076865.gif","level":"2"},{"userName":"n\u9a6c\u5230\u529f\u6210l","avatar":"335224793.gif","level":"2"},{"userName":"\u963f\u6960K4","avatar":"338729539.gif","level":"2"},{"userName":"\u5355\u6f02\u7684\u5c81\u6708","avatar":"338869590.gif","level":"2"},{"userName":"\u6731\u6811\u6e90","avatar":"340997425.gif","level":"2"},{"userName":"\u948a\u6da6\u901a\u8baf","avatar":"348372377.gif","level":"2"},{"userName":"\u5f52\u9e3f123","avatar":"349815260.gif","level":"2"},{"userName":"\u4fe1\u4ef0\u7684\u529b\u91cfK","avatar":"351857851.gif","level":"2"},{"userName":"\u798f\u65fa\u987a\u5176\u81ea\u7136","avatar":"358878030.gif","level":"2"},{"userName":"\u6b63\u5728\u7f13\u51b2999x","avatar":"363680107.gif","level":"2"},{"userName":"\u8001\u4e8eLZq","avatar":"366429872.gif","level":"2"},{"userName":"\u91d1\u5c71\u9601","avatar":"366740392.gif","level":"2"},{"userName":"\u9ad8\u9ad8\u5174\u5174KU","avatar":"381786599.gif","level":"2"},{"userName":"\u5c0f\u738b4fp","avatar":"385878482.gif","level":"2"},{"userName":"\u592a\u9633\u98ceWA","avatar":"386539248.gif","level":"2"},{"userName":"\u50bb\u67a3","avatar":"38834966.gif","level":"2"},{"userName":"\u67976D","avatar":"392503367.gif","level":"2"},{"userName":"Ao\u6556","avatar":"393772820.gif","level":"2"},{"userName":"\u5f90\u963f\u4e03","avatar":"395729032.gif","level":"2"},{"userName":"\u6625\u65e5\u9633\u5149Z","avatar":"397570432.gif","level":"2"},{"userName":"\u5922\u9192\u8494\u68fc","avatar":"399054037.gif","level":"2"},{"userName":"\u543e\u884c\u543e\u6444","avatar":"402185183.gif","level":"2"},{"userName":"2018\u7ee7\u7eed\u52aa\u529b","avatar":"404330654.gif","level":"2"},{"userName":"\u5468\u626cQJe","avatar":"405555004.gif","level":"2"},{"userName":"\u963f\u675c38","avatar":"411254065.gif","level":"2"},{"userName":"\u7ed9\u4f60\u4e2a\u773c\u795eYW","avatar":"412389333.gif","level":"2"},{"userName":"\u745cQuT","avatar":"414458361.gif","level":"2"},{"userName":"\u5f90\u949f\u745b","avatar":"416217147.gif","level":"2"},{"userName":"\u7d2b\u841d\u5170mH","avatar":"43117386.gif","level":"2"},{"userName":"\u9648\u671d\u65b0m","avatar":"435823385.gif","level":"2"},{"userName":"\u5b59\u78ca2018","avatar":"438266380.gif","level":"2"},{"userName":"\u6768\u52c78T","avatar":"447221542.gif","level":"2"},{"userName":"\u5f20\u79c0\u5a774","avatar":"447843531.gif","level":"2"},{"userName":"\u629a\u5e73\u4f59\u751f","avatar":"452190160.gif","level":"2"}],"5":[{"userName":"ysq856","avatar":"10293940.gif","level":"5"},{"userName":"ssnake2015","avatar":"115711663.gif","level":"5"},{"userName":"\u5fc3\u9a70\u795e\u5f800","avatar":"12604148.gif","level":"5"},{"userName":"\u6ed1\u6ed1\u541b","avatar":"129618535.gif","level":"5"},{"userName":"\u5c0f\u8001\u677fa","avatar":"135145443.gif","level":"5"},{"userName":"\u9093\u9e4f1","avatar":"186948135.gif","level":"5"},{"userName":"\u5929\u5929\u5feb\u4e50BMq","avatar":"198617723.gif","level":"5"},{"userName":"\u5468\u5347\u6c11","avatar":"200084397.gif","level":"5"},{"userName":"\u8d3a\u672c\u5bbd","avatar":"208733208.gif","level":"5"},{"userName":"\u8e0f\u96ea\u98de\u9e3f2T","avatar":"221737550.gif","level":"5"},{"userName":"2018\u4e2d\u56fd\u80a1\u6c11","avatar":"223565400.gif","level":"5"},{"userName":"Crystal\u9648_1","avatar":"224283021.gif","level":"5"},{"userName":"\u6708\u6708hJ9","avatar":"226028746.gif","level":"5"},{"userName":"\u7d2b\u841d\u5170mH","avatar":"227854537.gif","level":"5"},{"userName":"\u5c0f\u5bd2cjx","avatar":"228594894.gif","level":"5"},{"userName":"\u4f69\u4ed1\u7238\u6bd4\u53f6\u98de","avatar":"231183432.gif","level":"5"},{"userName":"\u534ec8v","avatar":"241337722.gif","level":"5"},{"userName":"\u5434\u60f3\u5149","avatar":"241918232.gif","level":"5"},{"userName":"\u725b\u5b87\u5eb7","avatar":"244696194.gif","level":"5"},{"userName":"Sr\u9886\u706c\u57df","avatar":"247523744.gif","level":"5"},{"userName":"\u5229\u722a","avatar":"251179868.gif","level":"5"},{"userName":"\u718a\u5b69\u5b501234566","avatar":"257205756.gif","level":"5"},{"userName":"\u6768\u5b9d\u96f7","avatar":"259713991.gif","level":"5"},{"userName":"\u8dcc\u505c\u63a8\u571f\u673a","avatar":"260752660.gif","level":"5"},{"userName":"\u5927\u8138\u602a777","avatar":"262970075.gif","level":"5"},{"userName":"\u9038\u6797\u725b\u8005","avatar":"263314757.gif","level":"5"},{"userName":"\u7ea2\u725bf8","avatar":"269072890.gif","level":"5"},{"userName":"\u73b0\u5b9e\u751f\u6d3b2Ta","avatar":"273076098.gif","level":"5"},{"userName":"\u4e0d\u8a00\u5f037","avatar":"273121331.gif","level":"5"},{"userName":"\u4f59\u6c34\u5e73885","avatar":"27721102.gif","level":"5"},{"userName":"\u771f\u8bdauAw","avatar":"280018817.gif","level":"5"},{"userName":"\u6211\u5c31\u662f\u4e00\u4e2a\u5c0f\u83dc\u9e1f","avatar":"289893016.gif","level":"5"},{"userName":"\u5c0f\u963f\u6881M","avatar":"304465087.gif","level":"5"},{"userName":"\u599e\u599e\u72384U","avatar":"305204949.gif","level":"5"},{"userName":"\u5510\u5c11321","avatar":"317721640.gif","level":"5"},{"userName":"\u6c5f\u5c0f\u9c7cqE","avatar":"318933979.gif","level":"5"},{"userName":"\u9f99\u8c61\u4f20\u5947","avatar":"321080998.gif","level":"5"},{"userName":"\u65e0\u5e38\u7684\u4f20\u5947","avatar":"321108883.gif","level":"5"},{"userName":"\u7f8e\u666f\u82cf\u5dde","avatar":"321202431.gif","level":"5"},{"userName":"LJC\u8001\u97ed\u83dc","avatar":"321610179.gif","level":"5"},{"userName":"\u767d\u6c34\u4eba\u5bb6","avatar":"321795947.gif","level":"5"},{"userName":"\u563f\u4f60\u9ebb\u75f9","avatar":"321795995.gif","level":"5"},{"userName":"\u5c0f\u96483yR","avatar":"321795996.gif","level":"5"},{"userName":"\u9f50\u9c81\u5764\u54e5","avatar":"321796188.gif","level":"5"},{"userName":"\u4ed9\u98ceBdT","avatar":"321796613.gif","level":"5"},{"userName":"\u8fb9\u7ecf\u5929","avatar":"321796626.gif","level":"5"},{"userName":"\u6b63\u80fd\u91cfdTT","avatar":"321796627.gif","level":"5"},{"userName":"\u5bf9\u5955\u4eba\u751f","avatar":"321796672.gif","level":"5"},{"userName":"\u6d77\u6c34\u68a6\u60a0\u60a0gs","avatar":"321796722.gif","level":"5"},{"userName":"\u5927\u6728\u9c7c","avatar":"321933675.gif","level":"5"},{"userName":"\u5434\u7ee7\u5e73PGT","avatar":"327396084.gif","level":"5"},{"userName":"\u5c0f\u8c6a8","avatar":"330096972.gif","level":"5"},{"userName":"\u6e05\u548cpro","avatar":"33384042.gif","level":"5"},{"userName":"\u9526\u745f\u534e\u5e74l","avatar":"33732979.gif","level":"5"},{"userName":"\u6211\u5fc3\u4f9d\u65e76066","avatar":"34177582.gif","level":"5"},{"userName":"\u81f3\u4eb2\u81f3\u7231\u94ed\u8bb0","avatar":"344835667.gif","level":"5"},{"userName":"A\u6797z","avatar":"346763498.gif","level":"5"},{"userName":"\u6797\u5915\u5f88\u7f8e","avatar":"348472662.gif","level":"5"},{"userName":"\u725b\u6cb9\u83e0\u841d\u5305h","avatar":"351265633.gif","level":"5"},{"userName":"Yh\u9009\u62e9\u5927\u4e8e\u52aa\u529b","avatar":"358112208.gif","level":"5"},{"userName":"\u9ec4\u4e00\u69c3","avatar":"368059143.gif","level":"5"},{"userName":"\u5728\u5566\u5728\u5566","avatar":"377789951.gif","level":"5"},{"userName":"\u795e\u5947de\u4e24\u70b9\u534a","avatar":"378138385.gif","level":"5"},{"userName":"\u5218\u4f20\u9f99U","avatar":"379409281.gif","level":"5"},{"userName":"\u8054\u76dfan","avatar":"381908313.gif","level":"5"},{"userName":"\u9093\u9e4f1","avatar":"383010837.gif","level":"5"},{"userName":"\u5a04\u5b89_1","avatar":"385282995.gif","level":"5"},{"userName":"\u661f\u5149\u4f34\u7740\u9732\u73e0","avatar":"388601475.gif","level":"5"},{"userName":"\u767d\u5f66\u5f3ar","avatar":"393424571.gif","level":"5"},{"userName":"\u97ed\u83dc\u8c4c\u8c46","avatar":"395254167.gif","level":"5"},{"userName":"\u5b88\u62a4ng","avatar":"397893410.gif","level":"5"},{"userName":"\u738b\u6653\u660el","avatar":"398323128.gif","level":"5"},{"userName":"\u7ed9\u6211\u624bejB","avatar":"400943345.gif","level":"5"},{"userName":"\u8fbe\u62c9\u5d29\u5df4","avatar":"402345160.gif","level":"5"},{"userName":"\u963f\u7d2bv6X","avatar":"404226159.gif","level":"5"},{"userName":"\u4f1a\u98de\u7684\u6587\u827a\u9752\u5e74","avatar":"404575843.gif","level":"5"},{"userName":"\u8463\u6cfd\u71d5","avatar":"425539018.gif","level":"5"},{"userName":"\u6708\u6708hJ9","avatar":"426049971.gif","level":"5"},{"userName":"\u5c0f\u5bd2cjx","avatar":"433305918.gif","level":"5"},{"userName":"\u8db3\u4e50dy","avatar":"437521641.gif","level":"5"},{"userName":"\u5c0f\u6413\u677f","avatar":"442597032.gif","level":"5"},{"userName":"\u4ea2\u5f66\u4f1f","avatar":"451425786.gif","level":"5"},{"userName":"\u7687\u5f00\u7f8e\u53d1\u5341\u4e94","avatar":"452341016.gif","level":"5"}],"4":[{"userName":"qianruiyang","avatar":"110337484.gif","level":"4"},{"userName":"\u5218\u4f20\u9f99U","avatar":"117738130.gif","level":"4"},{"userName":"\u7ea2\u6cb3\u4ed9\u8349\u82b101","avatar":"145212476.gif","level":"4"},{"userName":"\u5c0f\u4fcadC","avatar":"145636108.gif","level":"4"},{"userName":"\u52c7\u6562\u7684\u5fc3Ry","avatar":"150732994.gif","level":"4"},{"userName":"\u9ad8\u9ad8\u5174\u5174KU","avatar":"157508959.gif","level":"4"},{"userName":"\u661f\u5149\u4f34\u7740\u9732\u73e0","avatar":"197708054.gif","level":"4"},{"userName":"\u67976D","avatar":"199515468.gif","level":"4"},{"userName":"\u767d\u5f66\u5f3ar","avatar":"200319115.gif","level":"4"},{"userName":"\u660e\u5f3aK","avatar":"201901766.gif","level":"4"},{"userName":"\u84dd\u5929in0","avatar":"203304084.gif","level":"4"},{"userName":"\u6d6e\u5c18\u5203","avatar":"204186022.gif","level":"4"},{"userName":"\u54e6\u53ea\u54e6\u7834","avatar":"204654369.gif","level":"4"},{"userName":"\u4e00\u8bfa\u5230\u5e95hwC","avatar":"204965.gif","level":"4"},{"userName":"\u6bdb\u6bdb1Vk","avatar":"205797933.gif","level":"4"},{"userName":"\u4e3d\u732a_1","avatar":"206602649.gif","level":"4"},{"userName":"\u559c\u4e03_1","avatar":"207234170.gif","level":"4"},{"userName":"\u5f00\u5fc3\u5988\u5988\u5a74\u513f","avatar":"208765724.gif","level":"4"},{"userName":"\u7ed9\u6211\u624bejB","avatar":"211177929.gif","level":"4"},{"userName":"\u543e\u884c\u543e\u6444","avatar":"211200477.gif","level":"4"},{"userName":"\u5e9e\u632f\u6c34","avatar":"212658841.gif","level":"4"},{"userName":"\u6211\u662f\u5927\u53d4\u6211\u4e0d","avatar":"214324407.gif","level":"4"},{"userName":"\u5468\u626cQJe","avatar":"218298072.gif","level":"4"},{"userName":"\u5fc3\u4e2d\u6709\u4f5b3","avatar":"218895282.gif","level":"4"},{"userName":"\u745cQuT","avatar":"220991527.gif","level":"4"},{"userName":"\u5f90\u949f\u745b","avatar":"222006746.gif","level":"4"},{"userName":"\u4e03\u6708aDY","avatar":"240246165.gif","level":"4"},{"userName":"\u5b5f\u7965\u65edO","avatar":"241422798.gif","level":"4"},{"userName":"\u5ff5\u519bn5w","avatar":"248163558.gif","level":"4"},{"userName":"\u874e\u5b50\u7231\u5403\u5c0f\u767d\u5154","avatar":"259587281.gif","level":"4"},{"userName":"\u4e07\u4fdf\u5148\u68ee","avatar":"26285019.gif","level":"4"},{"userName":"\u5a01\u5c13Love","avatar":"265564615.gif","level":"4"},{"userName":"\u65b0\u957f\u7684\u97ed\u83dc1","avatar":"266648212.gif","level":"4"},{"userName":"\u4e00\u5207\u968f\u7f18AJH","avatar":"266894717.gif","level":"4"},{"userName":"\u725b\u5e02\u53e3\u6740\u725b","avatar":"267519302.gif","level":"4"},{"userName":"\u56fd\u9632\u6709\u8272\u548c\u767d\u9152","avatar":"268559598.gif","level":"4"},{"userName":"\u4e0a\u5584\u82e5\u6c34AMn","avatar":"273279765.gif","level":"4"},{"userName":"\u773c\u955c\u5b89\u9547\u7ea2\u5305","avatar":"273809831.gif","level":"4"},{"userName":"\u4eadfus","avatar":"275834729.gif","level":"4"},{"userName":"\u6211\u63fd\u4e0d\u4f4f\u8981v","avatar":"277689489.gif","level":"4"},{"userName":"\u7528\u5fae\u7b11\u91ca\u60005","avatar":"280378612.gif","level":"4"},{"userName":"\u7167\u4eae\u5149\u660e","avatar":"288469134.gif","level":"4"},{"userName":"\u8463\u6770wp","avatar":"296468496.gif","level":"4"},{"userName":"\u6625\u98ce\u6653\u8272","avatar":"297667789.gif","level":"4"},{"userName":"\u4e00\u53e3\u8336","avatar":"304970344.gif","level":"4"},{"userName":"\u6e05\u6cc9\u5b54\u96c0","avatar":"311704050.gif","level":"4"},{"userName":"\u5b8b\u971eUo","avatar":"312724561.gif","level":"4"},{"userName":"\u7eaf\u767dd1","avatar":"313342401.gif","level":"4"},{"userName":"\u82cf\u5c0f\u65edlr","avatar":"314081229.gif","level":"4"},{"userName":"\u6cbf\u9014\u5b9a\u6709\u4f60","avatar":"315219599.gif","level":"4"},{"userName":"\u65e0\u9898t","avatar":"320994407.gif","level":"4"},{"userName":"\u795e\u4ed9\u8349","avatar":"321108003.gif","level":"4"},{"userName":"\u4e70\u4ec0\u4e48\u6da8\u725b","avatar":"321108422.gif","level":"4"},{"userName":"\u5eb6\u6c11\u4e4b\u6012","avatar":"321795944.gif","level":"4"},{"userName":"\u674e\u5409\u6587156683","avatar":"321796535.gif","level":"4"},{"userName":"\u4eba\u751f\u5982\u68a6\u68a6a","avatar":"321796609.gif","level":"4"},{"userName":"\u7231\u5927\u591a\u591a","avatar":"321796661.gif","level":"4"},{"userName":"\u8336p7","avatar":"321796664.gif","level":"4"},{"userName":"\u79cb\u96e8x3","avatar":"321796724.gif","level":"4"},{"userName":"\u795e\u4ed9\u5954\u8dd1\u5427\u4e8c\u8d27","avatar":"321936363.gif","level":"4"},{"userName":"\u91d1\u5927\u5e05Kmm","avatar":"322031026.gif","level":"4"},{"userName":"\u68eekF","avatar":"323655143.gif","level":"4"},{"userName":"\u5434\u4e49\u5408","avatar":"328088066.gif","level":"4"},{"userName":"\u592a\u591a\u5982\u679cl","avatar":"328182765.gif","level":"4"},{"userName":"\u7f5a\u7231\u5c0f\u5b50","avatar":"329971496.gif","level":"4"},{"userName":"\u742a\u742a2Y","avatar":"330465761.gif","level":"4"},{"userName":"\u6ce2\u7f57RS","avatar":"340126077.gif","level":"4"},{"userName":"\u6df3\u6d69\u950b_2","avatar":"350400449.gif","level":"4"},{"userName":"\u5929\u8d50\u7ea2\u5c18\u5f04","avatar":"350516038.gif","level":"4"},{"userName":"\u9f99\u5f3a71h","avatar":"352328820.gif","level":"4"},{"userName":"\u6696D\u7075\u9b42","avatar":"354984085.gif","level":"4"},{"userName":"\u4e91\u6d77dy","avatar":"359572300.gif","level":"4"},{"userName":"\u666e\u666e\u901a\u901a\u76840","avatar":"366394734.gif","level":"4"},{"userName":"\u6012\u65a9\u5929\u4e0bcFO","avatar":"369621465.gif","level":"4"},{"userName":"\u661fxII","avatar":"372381581.gif","level":"4"},{"userName":"\u571f\u62e8\u9f20p2K","avatar":"372807368.gif","level":"4"},{"userName":"_____\u4ef0\u671b\u9633","avatar":"375445551.gif","level":"4"},{"userName":"\u7ea2\u6cb3\u4ed9\u8349\u82b101","avatar":"38038449.gif","level":"4"},{"userName":"\u5c0f\u4fcadC","avatar":"380465671.gif","level":"4"},{"userName":"\u65b0\u839e\u4ebaPyU","avatar":"383953598.gif","level":"4"},{"userName":"\u8bfa\u5bb8\u8d38\u6613","avatar":"386349592.gif","level":"4"},{"userName":"\u5929\u5929\u5feb\u4e50BMq","avatar":"389810148.gif","level":"4"},{"userName":"\u5468\u5fe0\u6d0bCharle","avatar":"393130567.gif","level":"4"},{"userName":"\u660e\u5f3aK","avatar":"394127556.gif","level":"4"},{"userName":"\u4e00\u5730\u5c0f\u5f3a","avatar":"395331591.gif","level":"4"},{"userName":"\u6d6e\u5c18\u5203","avatar":"395742432.gif","level":"4"},{"userName":"\u6211\u7684\u68a6\u624d\u521a\u521a","avatar":"396622520.gif","level":"4"},{"userName":"\u559c\u4e03_1","avatar":"399180301.gif","level":"4"},{"userName":"\u8d3a\u672c\u5bbd","avatar":"399253750.gif","level":"4"},{"userName":"\u5f00\u5fc3\u5988\u5988\u5a74\u513f","avatar":"400192526.gif","level":"4"},{"userName":"\u70b9\u70b9\u6ef4\u6ef4Lc","avatar":"402754003.gif","level":"4"},{"userName":"\u4f4e\u8c03\u7684\u706b\u82d7","avatar":"403559365.gif","level":"4"},{"userName":"\u968f\u5fc39c","avatar":"404232034.gif","level":"4"},{"userName":"\u5f90\u7ea2\u9f0e\u9999\u574a","avatar":"422725332.gif","level":"4"},{"userName":"\u4eae\u54e5ybF","avatar":"435092701.gif","level":"4"},{"userName":"\u4f69\u4ed1\u7238\u6bd4\u53f6\u98de","avatar":"440937216.gif","level":"4"},{"userName":"\u8d8b\u65f6","avatar":"447722458.gif","level":"4"},{"userName":"A\u5927\u989d\u8d44\u91d1\u5c71","avatar":"450897058.gif","level":"4"}],"1":[{"userName":"wxw13579wxw","avatar":"110755178.gif","level":"1"},{"userName":"\u795e\u5947de\u4e24\u70b9\u534a","avatar":"115738125.gif","level":"1"},{"userName":"\u7d05\u5427","avatar":"117686513.gif","level":"1"},{"userName":"\u4f1f\u83637o","avatar":"15126811.gif","level":"1"},{"userName":"\u6797\u5915iq","avatar":"188053185.gif","level":"1"},{"userName":"\u7f57\u7f57Wea","avatar":"196811971.gif","level":"1"},{"userName":"\u50bb\u67a3","avatar":"197061930.gif","level":"1"},{"userName":"Ao\u6556","avatar":"200420274.gif","level":"1"},{"userName":"\u666f\u8c6aZ","avatar":"202559675.gif","level":"1"},{"userName":"\u97ed\u83dc\u8c4c\u8c46","avatar":"202926885.gif","level":"1"},{"userName":"\u5f90\u963f\u4e03","avatar":"203626185.gif","level":"1"},{"userName":"\u6211\u7684\u68a6\u624d\u521a\u521a","avatar":"204496898.gif","level":"1"},{"userName":"\u70b9\u70b9\u6ef4\u6ef4Lc","avatar":"212884658.gif","level":"1"},{"userName":"\u4f1a\u98de\u7684\u6587\u827a\u9752\u5e74","avatar":"217618897.gif","level":"1"},{"userName":"\u5927\u8471\u841d\u535c\u9752\u83dc_1","avatar":"219440433.gif","level":"1"},{"userName":"\u5f90\u7ea2\u9f0e\u9999\u574a","avatar":"222461182.gif","level":"1"},{"userName":"\u8463\u6cfd\u71d5","avatar":"225813319.gif","level":"1"},{"userName":"\u65b0\u80fd\u6e90\u5c0f\u67ef","avatar":"226161600.gif","level":"1"},{"userName":"\u5199\u4fe1\u7ed9\u4ece\u524d","avatar":"228515024.gif","level":"1"},{"userName":"\u9648\u671d\u65b0m","avatar":"229858209.gif","level":"1"},{"userName":"\u5343\u4e0e\u5343\u5bfbGF","avatar":"232368715.gif","level":"1"},{"userName":"\u767d\u8336s","avatar":"235473752.gif","level":"1"},{"userName":"\u7687\u5f00\u7f8e\u53d1\u5341\u4e94","avatar":"239347619.gif","level":"1"},{"userName":"\u5c0f\u6d0b\u6d0b\u6559\u4e3b","avatar":"242653069.gif","level":"1"},{"userName":"\u4e11\u516b\u602a6s","avatar":"245231798.gif","level":"1"},{"userName":"\u671d\u4e0e\u6668\u66e6","avatar":"246962638.gif","level":"1"},{"userName":"\u610f\u5174\u9686","avatar":"247253203.gif","level":"1"},{"userName":"\u6c70IPa","avatar":"248034580.gif","level":"1"},{"userName":"\u53cc\u6cb3\u797a\u6e90","avatar":"251592946.gif","level":"1"},{"userName":"\u8d8b\u52bf\u6f6e\u6d8c","avatar":"253131027.gif","level":"1"},{"userName":"\u6027\u611f\u5c0f\u599e","avatar":"256526032.gif","level":"1"},{"userName":"\u5cf0NQ0","avatar":"265291668.gif","level":"1"},{"userName":"\u9886\u822a\u4eba2017","avatar":"267451802.gif","level":"1"},{"userName":"\u9ece\u660eAj7","avatar":"268891130.gif","level":"1"},{"userName":"\u8d75\u56fd\u523a\u5ba2","avatar":"271953672.gif","level":"1"},{"userName":"\u82cf\u557c\u8f7b\u70df\u968f\u98ce","avatar":"274138423.gif","level":"1"},{"userName":"\u987a\u6d411nZ","avatar":"274956460.gif","level":"1"},{"userName":"\u5218\u6c49\u751fth","avatar":"280349095.gif","level":"1"},{"userName":"\u5065\u5eb7\u5feb\u4e50Nm","avatar":"282667195.gif","level":"1"},{"userName":"\u897f\u6e38\u8bb0T","avatar":"298940231.gif","level":"1"},{"userName":"\u80e1\u5bb6\u80dc","avatar":"300505729.gif","level":"1"},{"userName":"\u738b\u9053\u658c","avatar":"3007533.gif","level":"1"},{"userName":"\u5929\u8283\u7ec4\u5408","avatar":"303720523.gif","level":"1"},{"userName":"\u94ed\u8bb0A_1","avatar":"305375579.gif","level":"1"},{"userName":"\u6a59\u5b50Rm1","avatar":"316901827.gif","level":"1"},{"userName":"\u5c0f\u6ed5\u53d4\u53d4","avatar":"321795994.gif","level":"1"},{"userName":"\u5927\u6d77Rt","avatar":"321796007.gif","level":"1"},{"userName":"\u984e\u7922","avatar":"321796018.gif","level":"1"},{"userName":"\u5de8\u9cb8ioF","avatar":"321796252.gif","level":"1"},{"userName":"\u5fc3\u5982\u6b62\u6c34\u4e3f","avatar":"321796584.gif","level":"1"},{"userName":"\u8d75\u90c1\u79bb","avatar":"321796587.gif","level":"1"},{"userName":"\u6cf0\u5eb7\u4eba\u5bff\u80a5\u4ed4","avatar":"321796670.gif","level":"1"},{"userName":"\u9053\u5b50\u67ab","avatar":"321796680.gif","level":"1"},{"userName":"\u5eb8\u533b\u738b","avatar":"321796691.gif","level":"1"},{"userName":"\u5c71\u4e1c\u968b186788","avatar":"322030885.gif","level":"1"},{"userName":"\u9752\u5cf0\u534d\u96ea\u7f18","avatar":"336352365.gif","level":"1"},{"userName":"\u6797GYf","avatar":"338042509.gif","level":"1"},{"userName":"\u9ed1\u683c\u5b50\u767d\u886c3","avatar":"33963301.gif","level":"1"},{"userName":"\u6708\u591cSj","avatar":"339993510.gif","level":"1"},{"userName":"\u76f8\u8bc6\u7684\u7f8e\u4e3d","avatar":"347136987.gif","level":"1"},{"userName":"\u7535\u8111\u5c0f\u5218","avatar":"348272127.gif","level":"1"},{"userName":"\u8001\u6837\u5b50z","avatar":"349593404.gif","level":"1"},{"userName":"\u9759\u9759\u9999_1","avatar":"349749537.gif","level":"1"},{"userName":"\u8d75\u5b8fT9","avatar":"351073056.gif","level":"1"},{"userName":"\u6211\u662fLJB","avatar":"351345877.gif","level":"1"},{"userName":"\u54ea\u91cc\u7559\u8a00\u54ea\u91cc\u6da8","avatar":"353509810.gif","level":"1"},{"userName":"\u9a6c\u4e0a\u7ffb\u7ea2","avatar":"353777214.gif","level":"1"},{"userName":"\u5ffb\u5efa\u534e","avatar":"358169117.gif","level":"1"},{"userName":"\u5954\u8dd1H6P","avatar":"365168857.gif","level":"1"},{"userName":"\u738b\u660e\u559c2Cu","avatar":"366104801.gif","level":"1"},{"userName":"\u5f00\u5fc3\u5c31\u597dj90","avatar":"367017755.gif","level":"1"},{"userName":"\u946b\u946b\u533b\u7f8e","avatar":"367845270.gif","level":"1"},{"userName":"\u4eba\u751f\u767e\u6001\u4f55\u4ff1","avatar":"367936371.gif","level":"1"},{"userName":"\u8363\u6dfb\u5f1f\u5b50","avatar":"376403067.gif","level":"1"},{"userName":"\u7d05\u5427","avatar":"379348735.gif","level":"1"},{"userName":"\u5fc3\u9a70\u795e\u5f800","avatar":"379562764.gif","level":"1"},{"userName":"\u5c0f\u827el","avatar":"379708324.gif","level":"1"},{"userName":"\u6ed1\u6ed1\u541b","avatar":"37983931.gif","level":"1"},{"userName":"\u5c0f\u8001\u677fa","avatar":"380041909.gif","level":"1"},{"userName":"\u4f1f\u83637o","avatar":"381636984.gif","level":"1"},{"userName":"\u7f57\u7f57Wea","avatar":"387137803.gif","level":"1"},{"userName":"\u706c\u4e28\u5c0f\u4e09\u4e24\u4e28","avatar":"392171688.gif","level":"1"},{"userName":"\u54e6\u53ea\u54e6\u7834","avatar":"397565109.gif","level":"1"},{"userName":"\u4e00\u7b11\u800c\u8fc79p","avatar":"399164721.gif","level":"1"},{"userName":"\u5fc3\u4e2d\u6709\u4f5b3","avatar":"411185555.gif","level":"1"},{"userName":"2018\u4e2d\u56fd\u80a1\u6c11","avatar":"423648319.gif","level":"1"},{"userName":"\u653e\u4e0bCsa","avatar":"429058308.gif","level":"1"},{"userName":"\u5199\u4fe1\u7ed9\u4ece\u524d","avatar":"431999583.gif","level":"1"},{"userName":"\u5343\u4e0e\u5343\u5bfbGF","avatar":"443947596.gif","level":"1"},{"userName":"\u767d\u8336s","avatar":"450066871.gif","level":"1"},{"userName":"\u930b\u9d6c","avatar":"450736270.gif","level":"1"}],"3":[{"userName":"\u5c0f\u827el","avatar":"129121334.gif","level":"3"},{"userName":"\u9f8dm8h","avatar":"15297404.gif","level":"3"},{"userName":"\u8054\u76dfan","avatar":"173292999.gif","level":"3"},{"userName":"\u4e09\u5c81\u5356\u6c64\u5706","avatar":"174836506.gif","level":"3"},{"userName":"\u4e01\u6587\u6b63fZ","avatar":"18308884.gif","level":"3"},{"userName":"\u8d75\u5c0f\u8ce4","avatar":"191402783.gif","level":"3"},{"userName":"\u667a\u8da3\u79d1\u6280_1","avatar":"195561526.gif","level":"3"},{"userName":"\u5468\u5fe0\u6d0bCharle","avatar":"199535930.gif","level":"3"},{"userName":"\u4e00\u5730\u5c0f\u5f3a","avatar":"203110334.gif","level":"3"},{"userName":"\u6591\u9a6cgloria","avatar":"204212331.gif","level":"3"},{"userName":"\u71d5\u5b50\u5416Ec","avatar":"204241195.gif","level":"3"},{"userName":"\u6625\u65e5\u9633\u5149Z","avatar":"204778262.gif","level":"3"},{"userName":"LR9X","avatar":"205056228.gif","level":"3"},{"userName":"\u4e00\u7b11\u800c\u8fc79p","avatar":"206907801.gif","level":"3"},{"userName":"\u963f\u7d2bv6X","avatar":"215577867.gif","level":"3"},{"userName":"2018\u7ee7\u7eed\u52aa\u529b","avatar":"2175308.gif","level":"3"},{"userName":"\u7ed9\u4f60\u4e2a\u773c\u795eYW","avatar":"219273251.gif","level":"3"},{"userName":"AA\u9a6c\u68a6\u5a011835","avatar":"223286488.gif","level":"3"},{"userName":"\u767d\u5f00\u6c341998","avatar":"227828232.gif","level":"3"},{"userName":"\u4eae\u54e5ybF","avatar":"229756152.gif","level":"3"},{"userName":"\u591a\u591a\u7238\u6bd41","avatar":"232399652.gif","level":"3"},{"userName":"\u8d8b\u65f6","avatar":"234263368.gif","level":"3"},{"userName":"\u5f20\u79c0\u5a774","avatar":"234857451.gif","level":"3"},{"userName":"\u7cef478","avatar":"237581500.gif","level":"3"},{"userName":"\u6d53\u6d53\u5496\u5561\u8c46","avatar":"240164306.gif","level":"3"},{"userName":"\u9690\u8eab\u5728\u7ebfuhr","avatar":"246738012.gif","level":"3"},{"userName":"\u65bd\u5a77\u5a77JIa","avatar":"250558001.gif","level":"3"},{"userName":"\u522b\u5acc\u6211\u5435","avatar":"250637555.gif","level":"3"},{"userName":"\u5475\u5475\u54d2\u5475\u5475\u5475\u5475\u5475\u5475","avatar":"266457504.gif","level":"3"},{"userName":"\u4e00\u4e70\u5c31\u8dcc123","avatar":"266635946.gif","level":"3"},{"userName":"\u542f\u7a0b9vi","avatar":"275645368.gif","level":"3"},{"userName":"\u9b4f\u6587\u793c","avatar":"277467153.gif","level":"3"},{"userName":"\u5b50\u975e\u9c7ciCQ","avatar":"282000945.gif","level":"3"},{"userName":"\u68a6\u60f3\u5c0f\u5b50","avatar":"282873888.gif","level":"3"},{"userName":"\u827a\u548c\u7f18","avatar":"284307361.gif","level":"3"},{"userName":"\u80e1\u5927\u5e08\u4e13\u4e1a\u623f","avatar":"298364579.gif","level":"3"},{"userName":"\u6731\u5c0f\u68a6\u68a6","avatar":"304029171.gif","level":"3"},{"userName":"\u6768\u65b9\u76db","avatar":"304320775.gif","level":"3"},{"userName":"\u4e2d\u5927\u5df4\u83f2\u7279","avatar":"310580102.gif","level":"3"},{"userName":"\u5929\u6daf\u6d95","avatar":"314093679.gif","level":"3"},{"userName":"\u5b9e\u54e5_1","avatar":"321795939.gif","level":"3"},{"userName":"\u7ed9\u4f60\u7cd6\u5403ZvL","avatar":"321795983.gif","level":"3"},{"userName":"\u91d1Ma","avatar":"321796013.gif","level":"3"},{"userName":"\u6768\u633aNKe","avatar":"321796209.gif","level":"3"},{"userName":"\u96e8\u6607","avatar":"321796533.gif","level":"3"},{"userName":"\u4e00\u5171\u4e5d\u5934\u9a74","avatar":"321796607.gif","level":"3"},{"userName":"\u55d4D","avatar":"321796651.gif","level":"3"},{"userName":"\u6bd5\u4e91\u51ef","avatar":"321796656.gif","level":"3"},{"userName":"\u5927\u767d\u83dcRNB","avatar":"322030883.gif","level":"3"},{"userName":"\u6001\u5ea67a","avatar":"334157003.gif","level":"3"},{"userName":"\u5954\u6ce2\u513f\u9738VF","avatar":"334982478.gif","level":"3"},{"userName":"\u9999\u6c34\u767e\u5408qag","avatar":"337402066.gif","level":"3"},{"userName":"\u51c0\u4e91OCN","avatar":"337879382.gif","level":"3"},{"userName":"\u620f\u91cc\u75f4\u4ebaA","avatar":"339071552.gif","level":"3"},{"userName":"\u805a\u5b9d\u76d81","avatar":"339958815.gif","level":"3"},{"userName":"\u534a\u6b65\u534a\u6ca7\u6851","avatar":"347180067.gif","level":"3"},{"userName":"\u8bf4\u5230\u75db\u5904\u5c31\u6c14","avatar":"348273704.gif","level":"3"},{"userName":"\u5929\u5929\u5927\u59e8\u5988\u7684\u5c0f\u4f19\u5b50","avatar":"352094616.gif","level":"3"},{"userName":"\u5c39\u4f20\u80dc","avatar":"352969109.gif","level":"3"},{"userName":"\u6770\u6069eFa","avatar":"358959018.gif","level":"3"},{"userName":"\u95a7\u6d77\u82b1\u9a2c","avatar":"371334077.gif","level":"3"},{"userName":"\u73cd\u5b50P","avatar":"374341147.gif","level":"3"},{"userName":"\u751c\u751c\u8001\u516c","avatar":"375852234.gif","level":"3"},{"userName":"\u7eb5\u6a2a\u56db\u6d77FQh","avatar":"376280433.gif","level":"3"},{"userName":"\u66fe\u7ecf\u82cd\u6d77j8I","avatar":"382051131.gif","level":"3"},{"userName":"\u4e01\u6587\u6b63fZ","avatar":"382495017.gif","level":"3"},{"userName":"\u6797\u5915iq","avatar":"383192648.gif","level":"3"},{"userName":"\u8d75\u5c0f\u8ce4","avatar":"384807520.gif","level":"3"},{"userName":"\u4f732z","avatar":"386178863.gif","level":"3"},{"userName":"\u667a\u8da3\u79d1\u6280_1","avatar":"386759862.gif","level":"3"},{"userName":"\u5468\u5347\u6c11","avatar":"393304243.gif","level":"3"},{"userName":"\u6bdb\u6bdb1Vk","avatar":"397682253.gif","level":"3"},{"userName":"\u4e3d\u732a_1","avatar":"398914733.gif","level":"3"},{"userName":"\u6211\u662f\u5927\u53d4\u6211\u4e0d","avatar":"404127161.gif","level":"3"},{"userName":"\u4fea\u5854\u6a59","avatar":"412983500.gif","level":"3"},{"userName":"Crystal\u9648_1","avatar":"424040589.gif","level":"3"},{"userName":"\u591a\u591a\u7238\u6bd41","avatar":"446165763.gif","level":"3"}],"0":[{"userName":"\u65e0\u98ce\u6709\u6d6a8","avatar":"175694310.gif","level":"0"},{"userName":"\u65b0\u839e\u4ebaPyU","avatar":"189247420.gif","level":"0"},{"userName":"\u4f732z","avatar":"192834088.gif","level":"0"},{"userName":"\u91ca4x","avatar":"198644920.gif","level":"0"},{"userName":"\u706c\u4e28\u5c0f\u4e09\u4e24\u4e28","avatar":"198795796.gif","level":"0"},{"userName":"\u4f4e\u8c03\u7684\u706b\u82d7","avatar":"213799312.gif","level":"0"},{"userName":"\u968f\u5fc39c","avatar":"216086855.gif","level":"0"},{"userName":"\u963f\u675c38","avatar":"218941651.gif","level":"0"},{"userName":"\u653e\u4e0bCsa","avatar":"227409386.gif","level":"0"},{"userName":"\u5b59\u78ca2018","avatar":"230428086.gif","level":"0"},{"userName":"\u5c0f\u6413\u677f","avatar":"231308579.gif","level":"0"},{"userName":"\u8389\u708e","avatar":"232256675.gif","level":"0"},{"userName":"\u6768\u52c78T","avatar":"233090887.gif","level":"0"},{"userName":"A\u5927\u989d\u8d44\u91d1\u5c71","avatar":"237026591.gif","level":"0"},{"userName":"\u4ea2\u5f66\u4f1f","avatar":"237164983.gif","level":"0"},{"userName":"\u629a\u5e73\u4f59\u751f","avatar":"237767310.gif","level":"0"},{"userName":"\u9648\u536b\u4e1c0w","avatar":"244546215.gif","level":"0"},{"userName":"\u7a7a\u767d6sA","avatar":"253395707.gif","level":"0"},{"userName":"\u5c65\u6cf0\u5426","avatar":"258952684.gif","level":"0"},{"userName":"\u795e\u4ed9_\u6e14\u592b\u778e\u9493","avatar":"262024969.gif","level":"0"},{"userName":"\u8d85\u503c\u5927\u7ea2\u5305","avatar":"265776814.gif","level":"0"},{"userName":"\u98ce\u5439\u5416\u5439","avatar":"266125250.gif","level":"0"},{"userName":"\u5434\u5efa\u519blw","avatar":"266228095.gif","level":"0"},{"userName":"\u5c0f\u5468zg","avatar":"283716440.gif","level":"0"},{"userName":"\u9648\u751f2018","avatar":"284132500.gif","level":"0"},{"userName":"\u71d5\u6298\u5b50\u620f","avatar":"296448003.gif","level":"0"},{"userName":"\u4e54w7h","avatar":"30127271.gif","level":"0"},{"userName":"\u8d70\u8d70\u505c\u505cJcn","avatar":"303252.gif","level":"0"},{"userName":"\u8d70\u4e0b\u56de\u5934\u8def","avatar":"308744389.gif","level":"0"},{"userName":"\u604b\u57ceE","avatar":"309902203.gif","level":"0"},{"userName":"\u5929\u9645\u4e00\u8fb9","avatar":"312623888.gif","level":"0"},{"userName":"\u5b8b\u5c27\u541b","avatar":"315102161.gif","level":"0"},{"userName":"\u9177\u4ed9\u513f","avatar":"316145412.gif","level":"0"},{"userName":"\u95efRg","avatar":"31846141.gif","level":"0"},{"userName":"\u592a\u6781\u963f\u8bda","avatar":"321795997.gif","level":"0"},{"userName":"\u5fc3\u9759\u5982\u6c34GvI","avatar":"321796565.gif","level":"0"},{"userName":"\u9f99\u5bcc\u8c6a","avatar":"321796601.gif","level":"0"},{"userName":"\u5927\u5c11B\u65b0\u65e5","avatar":"322031284.gif","level":"0"},{"userName":"\u5ff5jhV","avatar":"322033396.gif","level":"0"},{"userName":"\u9648\u5e0c\u5c71180172","avatar":"324571499.gif","level":"0"},{"userName":"\u840c\u840c\u54d2\u7f8e\u7f8e\u54d2","avatar":"325940693.gif","level":"0"},{"userName":"\u4e8e\u957f\u6c5fU","avatar":"332832103.gif","level":"0"},{"userName":"\u95fb\u98ce\u8d77\u6211","avatar":"336466840.gif","level":"0"},{"userName":"\u4ed9\u4eba\u638cI3","avatar":"336739273.gif","level":"0"},{"userName":"\u563f\u5148\u751fmm7","avatar":"339592310.gif","level":"0"},{"userName":"\u65e9\u6668\u5f00\u59cb","avatar":"344387384.gif","level":"0"},{"userName":"\u534a\u6b65\u5929\u6daf9Wt","avatar":"345984267.gif","level":"0"},{"userName":"\u6495\u65e0\u6602\u723d","avatar":"351042446.gif","level":"0"},{"userName":"\u94a6\u7c89\u4e91\u5cf0","avatar":"355393684.gif","level":"0"},{"userName":"\u4e0d\u5982\u53eb\u8fd9\u4e2a","avatar":"376331582.gif","level":"0"},{"userName":"\u52c7\u6562\u7684\u5fc3Ry","avatar":"381258111.gif","level":"0"},{"userName":"\u9f8dm8h","avatar":"381750728.gif","level":"0"},{"userName":"\u4e09\u5c81\u5356\u6c64\u5706","avatar":"382254109.gif","level":"0"},{"userName":"\u65e0\u98ce\u6709\u6d6a8","avatar":"382319210.gif","level":"0"},{"userName":"\u91ca4x","avatar":"390650895.gif","level":"0"},{"userName":"\u666f\u8c6aZ","avatar":"394366590.gif","level":"0"},{"userName":"\u84dd\u5929in0","avatar":"395709034.gif","level":"0"},{"userName":"\u6591\u9a6cgloria","avatar":"396429255.gif","level":"0"},{"userName":"\u71d5\u5b50\u5416Ec","avatar":"396528676.gif","level":"0"},{"userName":"\u4e00\u8bfa\u5230\u5e95hwC","avatar":"397662815.gif","level":"0"},{"userName":"\u5e9e\u632f\u6c34","avatar":"402495459.gif","level":"0"},{"userName":"\u672c\u4efd\u4ebaF","avatar":"40827158.gif","level":"0"},{"userName":"\u5927\u8471\u841d\u535c\u9752\u83dc_1","avatar":"412840011.gif","level":"0"},{"userName":"\u8e0f\u96ea\u98de\u9e3f2T","avatar":"415614806.gif","level":"0"},{"userName":"AA\u9a6c\u68a6\u5a011835","avatar":"42285358.gif","level":"0"},{"userName":"\u65b0\u80fd\u6e90\u5c0f\u67ef","avatar":"429036438.gif","level":"0"},{"userName":"\u767d\u5f00\u6c341998","avatar":"430718498.gif","level":"0"},{"userName":"\u5f6d\u5fb7\u826fsV","avatar":"439641700.gif","level":"0"},{"userName":"\u8389\u708e","avatar":"442971258.gif","level":"0"},{"userName":"\u7cef478","avatar":"451697579.gif","level":"0"}]}