{"allDateStockPool":[[{"stockCode":"603318","stockName":"\u6d3e\u601d\u80a1\u4efd","marketId":"17","startDate":1491321600,"endDate":1500220800},{"stockCode":"600777","stockName":"\u65b0\u6f6e\u80fd\u6e90","marketId":"17","startDate":1389542400,"endDate":1398700800},{"stockCode":"000429","stockName":"\u7ca4\u9ad8\u901fA","marketId":"33","startDate":1345529177,"endDate":1354550400},{"stockCode":"002311","stockName":"\u6d77\u5927\u96c6\u56e2","marketId":"33","startDate":1370616242,"endDate":1379433600},{"stockCode":"600568","stockName":"\u4e2d\u73e0\u533b\u7597","marketId":"17","startDate":1409604122,"endDate":1418745600},{"stockCode":"300139","stockName":"\u6653\u7a0b\u79d1\u6280","marketId":"33","startDate":1361116800,"endDate":1370188800},{"stockCode":"300632","stockName":"\u5149\u8386\u80a1\u4efd","marketId":"33","startDate":1495162477,"endDate":1503936000},{"stockCode":"600830","stockName":"\u9999\u6ea2\u878d\u901a","marketId":"17","startDate":1286726400,"endDate":1295280000},{"stockCode":"600761","stockName":"\u5b89\u5fbd\u5408\u529b","marketId":"17","startDate":1434988800,"endDate":1444233600},{"stockCode":"600195","stockName":"\u4e2d\u7267\u80a1\u4efd","marketId":"17","startDate":1494191402,"endDate":1502812800},{"stockCode":"002755","stockName":"\u4e1c\u65b9\u65b0\u661f","marketId":"33","startDate":1461304123,"endDate":1470153600},{"stockCode":"300302","stockName":"\u540c\u6709\u79d1\u6280","marketId":"33","startDate":1342368000,"endDate":1351440000},{"stockCode":"002709","stockName":"\u5929\u8d50\u6750\u6599","marketId":"33","startDate":1496160000,"endDate":1504627200},{"stockCode":"002830","stockName":"\u540d\u96d5\u80a1\u4efd","marketId":"33","startDate":1507478400,"endDate":1516032000},{"stockCode":"002414","stockName":"\u9ad8\u5fb7\u7ea2\u5916","marketId":"33","startDate":1351445932,"endDate":1360166400},{"stockCode":"600540","stockName":"\u65b0\u8d5b\u80a1\u4efd","marketId":"17","startDate":1498557617,"endDate":1507564800},{"stockCode":"002827","stockName":"\u9ad8\u4e89\u6c11\u7206","marketId":"33","startDate":1484525728,"endDate":1493827200},{"stockCode":"600182","stockName":"S\u4f73\u901a","marketId":"17","startDate":1349883592,"endDate":1358697600},{"stockCode":"600765","stockName":"\u4e2d\u822a\u91cd\u673a","marketId":"17","startDate":1479386684,"endDate":1488470400},{"stockCode":"300448","stockName":"\u6d69\u4e91\u79d1\u6280","marketId":"33","startDate":1462204800,"endDate":1470844800},{"stockCode":"603579","stockName":"\u8363\u6cf0\u5065\u5eb7","marketId":"17","startDate":1497997947,"endDate":1506441600},{"stockCode":"300167","stockName":"\u8fea\u5a01\u8fc5","marketId":"33","startDate":1324224461,"endDate":1333900800},{"stockCode":"600395","stockName":"\u76d8\u6c5f\u80a1\u4efd","marketId":"17","startDate":1288540800,"endDate":1297699200},{"stockCode":"002336","stockName":"\u4eba\u4eba\u4e50","marketId":"33","startDate":1424793600,"endDate":1433433600},{"stockCode":"600660","stockName":"\u798f\u8000\u73bb\u7483","marketId":"17","startDate":1380052915,"endDate":1389196800},{"stockCode":"002286","stockName":"\u4fdd\u9f84\u5b9d","marketId":"33","startDate":1281431872,"endDate":1290700800},{"stockCode":"300559","stockName":"\u4f73\u53d1\u6559\u80b2","marketId":"33","startDate":1479745258,"endDate":1488902400},{"stockCode":"002143","stockName":"\u5370\u7eaa\u4f20\u5a92","marketId":"33","startDate":1420006997,"endDate":1429459200},{"stockCode":"300420","stockName":"\u4e94\u6d0b\u505c\u8f66","marketId":"33","startDate":1514231069,"endDate":1523548800},{"stockCode":"603997","stockName":"\u7ee7\u5cf0\u80a1\u4efd","marketId":"17","startDate":1441184609,"endDate":1450368000},{"stockCode":"603239","stockName":"\u6d59\u6c5f\u4ed9\u901a","marketId":"17","startDate":1491321600,"endDate":1500220800},{"stockCode":"600117","stockName":"\u897f\u5b81\u7279\u94a2","marketId":"17","startDate":1344182400,"endDate":1353254400},{"stockCode":"600218","stockName":"\u5168\u67f4\u52a8\u529b","marketId":"17","startDate":1287936000,"endDate":1296489600},{"stockCode":"002903","stockName":"\u5b87\u73af\u6570\u63a7","marketId":"33","startDate":1512341502,"endDate":1521475200},{"stockCode":"600220","stockName":"\u6c5f\u82cf\u9633\u5149","marketId":"17","startDate":1277247052,"endDate":1286726400},{"stockCode":"600275","stockName":"ST\u660c\u9c7c","marketId":"17","startDate":1505837746,"endDate":1514995200},{"stockCode":"002598","stockName":"\u5c71\u4e1c\u7ae0\u9f13","marketId":"33","startDate":1498731072,"endDate":1507737600},{"stockCode":"600185","stockName":"\u683c\u529b\u5730\u4ea7","marketId":"17","startDate":1269792000,"endDate":1278864000},{"stockCode":"002386","stockName":"\u5929\u539f\u96c6\u56e2","marketId":"33","startDate":1446204981,"endDate":1455465600},{"stockCode":"300415","stockName":"\u4f0a\u4e4b\u5bc6","marketId":"33","startDate":1471308350,"endDate":1480521600},{"stockCode":"300616","stockName":"\u5c1a\u54c1\u5b85\u914d","marketId":"33","startDate":1491753600,"endDate":1500480000},{"stockCode":"600532","stockName":"\u5b8f\u8fbe\u77ff\u4e1a","marketId":"17","startDate":1466390915,"endDate":1474992000},{"stockCode":"603355","stockName":"\u83b1\u514b\u7535\u6c14","marketId":"17","startDate":1439779555,"endDate":1448985600},{"stockCode":"300245","stockName":"\u5929\u7391\u79d1\u6280","marketId":"33","startDate":1362053062,"endDate":1371484800},{"stockCode":"601015","stockName":"\u9655\u897f\u9ed1\u732b","marketId":"17","startDate":1503244800,"endDate":1512316800},{"stockCode":"300710","stockName":"\u4e07\u9686\u5149\u7535","marketId":"33","startDate":1509531465,"endDate":1518019200},{"stockCode":"000949","stockName":"\u65b0\u4e61\u5316\u7ea4","marketId":"33","startDate":1426194517,"endDate":1435075200},{"stockCode":"601226","stockName":"\u534e\u7535\u91cd\u5de5","marketId":"17","startDate":1493654400,"endDate":1502294400},{"stockCode":"002294","stockName":"\u4fe1\u7acb\u6cf0","marketId":"33","startDate":1308595276,"endDate":1317139200},{"stockCode":"603089","stockName":"\u6b63\u88d5\u5de5\u4e1a","marketId":"17","startDate":1516241773,"endDate":1525795200},{"stockCode":"000988","stockName":"\u534e\u5de5\u79d1\u6280","marketId":"33","startDate":1488124800,"endDate":1497196800},{"stockCode":"000925","stockName":"\u4f17\u5408\u79d1\u6280","marketId":"33","startDate":1277143649,"endDate":1286467200},{"stockCode":"601211","stockName":"\u56fd\u6cf0\u541b\u5b89","marketId":"17","startDate":1461157699,"endDate":1469980800},{"stockCode":"603228","stockName":"\u666f\u65fa\u7535\u5b50","marketId":"17","startDate":1500391328,"endDate":1509379200},{"stockCode":"002774","stockName":"\u5feb\u610f\u7535\u68af","marketId":"33","startDate":1503357481,"endDate":1512403200},{"stockCode":"600131","stockName":"\u5cb7\u6c5f\u6c34\u7535","marketId":"17","startDate":1450400310,"endDate":1459785600},{"stockCode":"000034","stockName":"\u795e\u5dde\u6570\u7801","marketId":"33","startDate":1390549196,"endDate":1399996800},{"stockCode":"300036","stockName":"\u8d85\u56fe\u8f6f\u4ef6","marketId":"33","startDate":1516270156,"endDate":1525795200},{"stockCode":"000547","stockName":"\u822a\u5929\u53d1\u5c55","marketId":"33","startDate":1347206400,"endDate":1356278400},{"stockCode":"603588","stockName":"\u9ad8\u80fd\u73af\u5883","marketId":"17","startDate":1467193223,"endDate":1476374400},{"stockCode":"300633","stockName":"\u5f00\u7acb\u533b\u7597","marketId":"33","startDate":1496403122,"endDate":1504800000},{"stockCode":"600475","stockName":"\u534e\u5149\u80a1\u4efd","marketId":"17","startDate":1443501121,"endDate":1452614400},{"stockCode":"000538","stockName":"\u4e91\u5357\u767d\u836f","marketId":"33","startDate":1385657904,"endDate":1394985600},{"stockCode":"600723","stockName":"\u9996\u5546\u80a1\u4efd","marketId":"17","startDate":1509493426,"endDate":1518019200},{"stockCode":"600691","stockName":"\u9633\u7164\u5316\u5de5","marketId":"17","startDate":1412697600,"endDate":1421337600},{"stockCode":"300570","stockName":"\u592a\u8fb0\u5149","marketId":"33","startDate":1507485417,"endDate":1516032000},{"stockCode":"600020","stockName":"\u4e2d\u539f\u9ad8\u901f","marketId":"17","startDate":1296534620,"endDate":1305820800},{"stockCode":"300547","stockName":"\u5ddd\u73af\u79d1\u6280","marketId":"33","startDate":1506027940,"endDate":1515340800},{"stockCode":"000572","stockName":"\u6d77\u9a6c\u6c7d\u8f66","marketId":"33","startDate":1452834090,"endDate":1462204800},{"stockCode":"002873","stockName":"\u65b0\u5929\u836f\u4e1a","marketId":"33","startDate":1514256743,"endDate":1523548800},{"stockCode":"002605","stockName":"\u59da\u8bb0\u6251\u514b","marketId":"33","startDate":1338758631,"endDate":1347292800},{"stockCode":"600184","stockName":"\u5149\u7535\u80a1\u4efd","marketId":"17","startDate":1474214400,"endDate":1483372800},{"stockCode":"300584","stockName":"\u6d77\u8fb0\u836f\u4e1a","marketId":"33","startDate":1488937268,"endDate":1497974400},{"stockCode":"603100","stockName":"\u5ddd\u4eea\u80a1\u4efd","marketId":"17","startDate":1503322260,"endDate":1512316800},{"stockCode":"601019","stockName":"\u5c71\u4e1c\u51fa\u7248","marketId":"17","startDate":1514442487,"endDate":1523894400},{"stockCode":"600159","stockName":"\u5927\u9f99\u5730\u4ea7","marketId":"17","startDate":1489058564,"endDate":1498060800},{"stockCode":"002579","stockName":"\u4e2d\u4eac\u7535\u5b50","marketId":"33","startDate":1493117339,"endDate":1501776000},{"stockCode":"300185","stockName":"\u901a\u88d5\u91cd\u5de5","marketId":"33","startDate":1356883200,"endDate":1366560000},{"stockCode":"000830","stockName":"\u9c81\u897f\u5316\u5de5","marketId":"33","startDate":1484496000,"endDate":1493827200},{"stockCode":"600958","stockName":"\u4e1c\u65b9\u8bc1\u5238","marketId":"17","startDate":1440950400,"endDate":1450195200},{"stockCode":"603393","stockName":"\u65b0\u5929\u7136\u6c14","marketId":"17","startDate":1506379988,"endDate":1515513600},{"stockCode":"603688","stockName":"\u77f3\u82f1\u80a1\u4efd","marketId":"17","startDate":1448322438,"endDate":1457452800},{"stockCode":"600798","stockName":"\u5b81\u6ce2\u6d77\u8fd0","marketId":"17","startDate":1455465600,"endDate":1464105600},{"stockCode":"300206","stockName":"\u7406\u90a6\u4eea\u5668","marketId":"33","startDate":1325830167,"endDate":1335283200},{"stockCode":"601968","stockName":"\u5b9d\u94a2\u5305\u88c5","marketId":"17","startDate":1496805630,"endDate":1505232000},{"stockCode":"002644","stockName":"\u4f5b\u6148\u5236\u836f","marketId":"33","startDate":1394985600,"endDate":1403798400},{"stockCode":"600578","stockName":"\u4eac\u80fd\u7535\u529b","marketId":"17","startDate":1391702400,"endDate":1400601600},{"stockCode":"300494","stockName":"\u76db\u5929\u7f51\u7edc","marketId":"33","startDate":1483922214,"endDate":1493136000},{"stockCode":"603016","stockName":"\u65b0\u5b8f\u6cf0","marketId":"17","startDate":1480262400,"endDate":1489420800},{"stockCode":"000738","stockName":"\u822a\u53d1\u63a7\u5236","marketId":"33","startDate":1425551553,"endDate":1434297600},{"stockCode":"300688","stockName":"\u521b\u4e1a\u9ed1\u9a6c","marketId":"33","startDate":1509106350,"endDate":1517760000},{"stockCode":"600121","stockName":"\u90d1\u5dde\u7164\u7535","marketId":"17","startDate":1452758095,"endDate":1461859200},{"stockCode":"601567","stockName":"\u4e09\u661f\u533b\u7597","marketId":"17","startDate":1371585112,"endDate":1380211200},{"stockCode":"601677","stockName":"\u660e\u6cf0\u94dd\u4e1a","marketId":"17","startDate":1459094400,"endDate":1467907200},{"stockCode":"002065","stockName":"\u4e1c\u534e\u8f6f\u4ef6","marketId":"33","startDate":1275355492,"endDate":1284048000},{"stockCode":"002419","stockName":"\u5929\u8679\u80a1\u4efd","marketId":"33","startDate":1401724800,"endDate":1410278400},{"stockCode":"300293","stockName":"\u84dd\u82f1\u88c5\u5907","marketId":"33","startDate":1486064523,"endDate":1494950400},{"stockCode":"300390","stockName":"\u5929\u534e\u8d85\u51c0","marketId":"33","startDate":1486051200,"endDate":1494950400},{"stockCode":"000568","stockName":"\u6cf8\u5dde\u8001\u7a96","marketId":"33","startDate":1416758400,"endDate":1426003200},{"stockCode":"600868","stockName":"\u6885\u96c1\u5409\u7965","marketId":"17","startDate":1432275918,"endDate":1440950400},{"stockCode":"603127","stockName":"\u662d\u884d\u65b0\u836f","marketId":"17","startDate":1508923345,"endDate":1517414400},{"stockCode":"300299","stockName":"\u5bcc\u6625\u80a1\u4efd","marketId":"33","startDate":1503244800,"endDate":1512316800},{"stockCode":"002444","stockName":"\u5de8\u661f\u79d1\u6280","marketId":"33","startDate":1449791854,"endDate":1459094400},{"stockCode":"002561","stockName":"\u5f90\u5bb6\u6c47","marketId":"33","startDate":1433455008,"endDate":1442332800},{"stockCode":"603535","stockName":"\u5609\u8bda\u56fd\u9645","marketId":"17","startDate":1505889893,"endDate":1514995200},{"stockCode":"603043","stockName":"\u5e7f\u5dde\u9152\u5bb6","marketId":"17","startDate":1503314478,"endDate":1512316800},{"stockCode":"600021","stockName":"\u4e0a\u6d77\u7535\u529b","marketId":"17","startDate":1488182819,"endDate":1497196800},{"stockCode":"002818","stockName":"\u5bcc\u68ee\u7f8e","marketId":"33","startDate":1484496000,"endDate":1493827200},{"stockCode":"002120","stockName":"\u97f5\u8fbe\u80a1\u4efd","marketId":"33","startDate":1445184000,"endDate":1453737600},{"stockCode":"000926","stockName":"\u798f\u661f\u80a1\u4efd","marketId":"33","startDate":1455508328,"endDate":1464105600},{"stockCode":"300691","stockName":"\u8054\u5408\u5149\u7535","marketId":"33","startDate":1507478400,"endDate":1516032000},{"stockCode":"600035","stockName":"\u695a\u5929\u9ad8\u901f","marketId":"17","startDate":1263362120,"endDate":1272470400},{"stockCode":"002178","stockName":"\u5ef6\u534e\u667a\u80fd","marketId":"33","startDate":1340924997,"endDate":1349971200},{"stockCode":"300214","stockName":"\u65e5\u79d1\u5316\u5b66","marketId":"33","startDate":1395590400,"endDate":1404403200},{"stockCode":"600846","stockName":"\u540c\u6d4e\u79d1\u6280","marketId":"17","startDate":1313942400,"endDate":1323100800},{"stockCode":"601333","stockName":"\u5e7f\u6df1\u94c1\u8def","marketId":"17","startDate":1408919244,"endDate":1418054400},{"stockCode":"000722","stockName":"\u6e56\u5357\u53d1\u5c55","marketId":"33","startDate":1389729811,"endDate":1399219200},{"stockCode":"600551","stockName":"\u65f6\u4ee3\u51fa\u7248","marketId":"17","startDate":1450845155,"endDate":1460044800},{"stockCode":"601633","stockName":"\u957f\u57ce\u6c7d\u8f66","marketId":"17","startDate":1399824000,"endDate":1408377600},{"stockCode":"002821","stockName":"\u51ef\u83b1\u82f1","marketId":"33","startDate":1504008354,"endDate":1513008000}]],"newUserStockPool":[[{"stockCode":"600501","stockName":"\u822a\u5929\u6668\u5149","marketId":"17","startDate":1425830400,"endDate":1434470400},{"stockCode":"002455","stockName":"\u767e\u5ddd\u80a1\u4efd","marketId":"33","startDate":1423431476,"endDate":1432656000},{"stockCode":"600568","stockName":"\u4e2d\u73e0\u533b\u7597","marketId":"17","startDate":1418918634,"endDate":1428422400},{"stockCode":"300139","stockName":"\u6653\u7a0b\u79d1\u6280","marketId":"33","startDate":1421185043,"endDate":1430323200},{"stockCode":"603328","stockName":"\u4f9d\u987f\u7535\u5b50","marketId":"17","startDate":1425902273,"endDate":1434470400},{"stockCode":"600515","stockName":"\u6d77\u822a\u57fa\u7840","marketId":"17","startDate":1423034917,"endDate":1432224000},{"stockCode":"600830","stockName":"\u9999\u6ea2\u878d\u901a","marketId":"17","startDate":1417180665,"endDate":1426521600},{"stockCode":"600761","stockName":"\u5b89\u5fbd\u5408\u529b","marketId":"17","startDate":1425617723,"endDate":1434384000},{"stockCode":"600195","stockName":"\u4e2d\u7267\u80a1\u4efd","marketId":"17","startDate":1416758400,"endDate":1426003200},{"stockCode":"002709","stockName":"\u5929\u8d50\u6750\u6599","marketId":"33","startDate":1420817174,"endDate":1430064000},{"stockCode":"002414","stockName":"\u9ad8\u5fb7\u7ea2\u5916","marketId":"33","startDate":1418820846,"endDate":1427990400},{"stockCode":"603123","stockName":"\u7fe0\u5fae\u80a1\u4efd","marketId":"17","startDate":1425320807,"endDate":1433952000},{"stockCode":"600540","stockName":"\u65b0\u8d5b\u80a1\u4efd","marketId":"17","startDate":1422806400,"endDate":1432051200},{"stockCode":"600182","stockName":"S\u4f73\u901a","marketId":"17","startDate":1424793600,"endDate":1433433600},{"stockCode":"600765","stockName":"\u4e2d\u822a\u91cd\u673a","marketId":"17","startDate":1418572800,"endDate":1427817600},{"stockCode":"600395","stockName":"\u76d8\u6c5f\u80a1\u4efd","marketId":"17","startDate":1418793426,"endDate":1427990400},{"stockCode":"600861","stockName":"\u5317\u4eac\u57ce\u4e61","marketId":"17","startDate":1424793600,"endDate":1433433600},{"stockCode":"600660","stockName":"\u798f\u8000\u73bb\u7483","marketId":"17","startDate":1420992000,"endDate":1430150400},{"stockCode":"002286","stockName":"\u4fdd\u9f84\u5b9d","marketId":"33","startDate":1418809514,"endDate":1427990400},{"stockCode":"600242","stockName":"\u4e2d\u660c\u6570\u636e","marketId":"17","startDate":1420698845,"endDate":1429804800},{"stockCode":"002143","stockName":"\u5370\u7eaa\u4f20\u5a92","marketId":"33","startDate":1418202051,"endDate":1427385600},{"stockCode":"600218","stockName":"\u5168\u67f4\u52a8\u529b","marketId":"17","startDate":1422201600,"endDate":1431446400},{"stockCode":"600220","stockName":"\u6c5f\u82cf\u9633\u5149","marketId":"17","startDate":1425830400,"endDate":1434470400},{"stockCode":"600532","stockName":"\u5b8f\u8fbe\u77ff\u4e1a","marketId":"17","startDate":1417363200,"endDate":1426608000},{"stockCode":"300245","stockName":"\u5929\u7391\u79d1\u6280","marketId":"33","startDate":1425867016,"endDate":1434470400},{"stockCode":"000949","stockName":"\u65b0\u4e61\u5316\u7ea4","marketId":"33","startDate":1416525675,"endDate":1425916800},{"stockCode":"000736","stockName":"\u4e2d\u4ea4\u5730\u4ea7","marketId":"33","startDate":1419545809,"endDate":1429027200},{"stockCode":"002294","stockName":"\u4fe1\u7acb\u6cf0","marketId":"33","startDate":1417431672,"endDate":1426608000},{"stockCode":"000988","stockName":"\u534e\u5de5\u79d1\u6280","marketId":"33","startDate":1423411200,"endDate":1432656000},{"stockCode":"000925","stockName":"\u4f17\u5408\u79d1\u6280","marketId":"33","startDate":1423411200,"endDate":1432656000},{"stockCode":"600531","stockName":"\u8c6b\u5149\u91d1\u94c5","marketId":"17","startDate":1424793600,"endDate":1433433600},{"stockCode":"600338","stockName":"\u897f\u85cf\u73e0\u5cf0","marketId":"17","startDate":1419978126,"endDate":1429459200},{"stockCode":"600556","stockName":"ST\u6167\u7403","marketId":"17","startDate":1421089249,"endDate":1430236800},{"stockCode":"300015","stockName":"\u7231\u5c14\u773c\u79d1","marketId":"33","startDate":1424016000,"endDate":1433260800},{"stockCode":"600131","stockName":"\u5cb7\u6c5f\u6c34\u7535","marketId":"17","startDate":1427644800,"endDate":1436371200},{"stockCode":"000402","stockName":"\u91d1\u878d\u8857","marketId":"33","startDate":1419585435,"endDate":1429027200},{"stockCode":"601991","stockName":"\u5927\u5510\u53d1\u7535","marketId":"17","startDate":1427644800,"endDate":1436371200},{"stockCode":"002020","stockName":"\u4eac\u65b0\u836f\u4e1a","marketId":"33","startDate":1417363200,"endDate":1426608000},{"stockCode":"002219","stockName":"\u6052\u5eb7\u533b\u7597","marketId":"33","startDate":1421831944,"endDate":1431014400},{"stockCode":"000538","stockName":"\u4e91\u5357\u767d\u836f","marketId":"33","startDate":1423411200,"endDate":1432656000},{"stockCode":"600723","stockName":"\u9996\u5546\u80a1\u4efd","marketId":"17","startDate":1419177600,"endDate":1428508800},{"stockCode":"002465","stockName":"\u6d77\u683c\u901a\u4fe1","marketId":"33","startDate":1426046414,"endDate":1434643200},{"stockCode":"600020","stockName":"\u4e2d\u539f\u9ad8\u901f","marketId":"17","startDate":1418572800,"endDate":1427817600},{"stockCode":"000572","stockName":"\u6d77\u9a6c\u6c7d\u8f66","marketId":"33","startDate":1422295201,"endDate":1431532800},{"stockCode":"002605","stockName":"\u59da\u8bb0\u6251\u514b","marketId":"33","startDate":1422201600,"endDate":1431446400},{"stockCode":"000597","stockName":"\u4e1c\u5317\u5236\u836f","marketId":"33","startDate":1418572800,"endDate":1427817600},{"stockCode":"603100","stockName":"\u5ddd\u4eea\u80a1\u4efd","marketId":"17","startDate":1423073538,"endDate":1432483200},{"stockCode":"600969","stockName":"\u90f4\u7535\u56fd\u9645","marketId":"17","startDate":1425225600,"endDate":1433865600},{"stockCode":"000797","stockName":"\u4e2d\u56fd\u6b66\u5937","marketId":"33","startDate":1416758400,"endDate":1426003200},{"stockCode":"600159","stockName":"\u5927\u9f99\u5730\u4ea7","marketId":"17","startDate":1420387200,"endDate":1429545600},{"stockCode":"600433","stockName":"\u51a0\u8c6a\u9ad8\u65b0","marketId":"17","startDate":1416957938,"endDate":1426176000},{"stockCode":"603688","stockName":"\u77f3\u82f1\u80a1\u4efd","marketId":"17","startDate":1424793600,"endDate":1433433600},{"stockCode":"002644","stockName":"\u4f5b\u6148\u5236\u836f","marketId":"33","startDate":1423411200,"endDate":1432656000},{"stockCode":"600536","stockName":"\u4e2d\u56fd\u8f6f\u4ef6","marketId":"17","startDate":1420387200,"endDate":1429545600},{"stockCode":"000738","stockName":"\u822a\u53d1\u63a7\u5236","marketId":"33","startDate":1420992000,"endDate":1430150400},{"stockCode":"600533","stockName":"\u6816\u971e\u5efa\u8bbe","marketId":"17","startDate":1421377995,"endDate":1430755200},{"stockCode":"600121","stockName":"\u90d1\u5dde\u7164\u7535","marketId":"17","startDate":1422818872,"endDate":1432051200},{"stockCode":"601567","stockName":"\u4e09\u661f\u533b\u7597","marketId":"17","startDate":1417990604,"endDate":1427212800},{"stockCode":"601677","stockName":"\u660e\u6cf0\u94dd\u4e1a","marketId":"17","startDate":1420457448,"endDate":1429545600},{"stockCode":"002419","stockName":"\u5929\u8679\u80a1\u4efd","marketId":"33","startDate":1423646720,"endDate":1432828800},{"stockCode":"601369","stockName":"\u9655\u9f13\u52a8\u529b","marketId":"17","startDate":1423628384,"endDate":1432828800},{"stockCode":"000568","stockName":"\u6cf8\u5dde\u8001\u7a96","marketId":"33","startDate":1417515674,"endDate":1426694400},{"stockCode":"600868","stockName":"\u6885\u96c1\u5409\u7965","marketId":"17","startDate":1417712762,"endDate":1427126400},{"stockCode":"600838","stockName":"\u4e0a\u6d77\u4e5d\u767e","marketId":"17","startDate":1425989667,"endDate":1434556800},{"stockCode":"002561","stockName":"\u5f90\u5bb6\u6c47","marketId":"33","startDate":1424818179,"endDate":1433433600},{"stockCode":"600278","stockName":"\u4e1c\u65b9\u521b\u4e1a","marketId":"17","startDate":1419432654,"endDate":1428854400},{"stockCode":"600021","stockName":"\u4e0a\u6d77\u7535\u529b","marketId":"17","startDate":1421596800,"endDate":1430841600},{"stockCode":"600360","stockName":"\u534e\u5fae\u7535\u5b50","marketId":"17","startDate":1416505940,"endDate":1425916800},{"stockCode":"002120","stockName":"\u97f5\u8fbe\u80a1\u4efd","marketId":"33","startDate":1423605770,"endDate":1432828800},{"stockCode":"000791","stockName":"\u7518\u8083\u7535\u6295","marketId":"33","startDate":1426435200,"endDate":1435161600},{"stockCode":"002665","stockName":"\u9996\u822a\u8282\u80fd","marketId":"33","startDate":1416793622,"endDate":1426003200},{"stockCode":"000837","stockName":"\u79e6\u5ddd\u673a\u5e8a","marketId":"33","startDate":1423165097,"endDate":1432569600},{"stockCode":"000417","stockName":"\u5408\u80a5\u767e\u8d27","marketId":"33","startDate":1427040000,"endDate":1435766400},{"stockCode":"600846","stockName":"\u540c\u6d4e\u79d1\u6280","marketId":"17","startDate":1424793600,"endDate":1433433600},{"stockCode":"002384","stockName":"\u4e1c\u5c71\u7cbe\u5bc6","marketId":"33","startDate":1421847659,"endDate":1431014400},{"stockCode":"601333","stockName":"\u5e7f\u6df1\u94c1\u8def","marketId":"17","startDate":1421680068,"endDate":1430841600},{"stockCode":"600551","stockName":"\u65f6\u4ee3\u51fa\u7248","marketId":"17","startDate":1424016000,"endDate":1433260800},{"stockCode":"601633","stockName":"\u957f\u57ce\u6c7d\u8f66","marketId":"17","startDate":1417699117,"endDate":1427040000}]]}